Task ID,Phase,Sprint,Task Name,Priority,Status,Owner,Effort,Start Date,End Date,Dependencies,File,LOC,Validation,Commit,Notes
TASK-001,1,1.1,Add Dependencies,CRITICAL,Complete,AI Agent,30 min,2025-10-10,2025-10-10,None,roles/fastmcp_server/tasks/*.yml,,pip install succeeds,d9fe0b7,
TASK-002,1,1.1,Implement crawl_web(),CRITICAL,Complete,AI Agent,6 hours,2025-10-10,2025-10-10,TASK-001,roles/fastmcp_server/templates/shield_mcp_server.py.j2,~150,Test with example.com,5da98df,
TASK-003,1,1.1,Implement ingest_doc(),CRITICAL,Complete,AI Agent,4 hours,2025-10-10,2025-10-10,TASK-001,roles/fastmcp_server/templates/shield_mcp_server.py.j2,~100,Test with PDF/DOCX,3656cdc,
TASK-004,1,1.1,Test Web Crawling,CRITICAL,Complete,AI Agent,2 hours,2025-10-10,2025-10-10,TASK-002,tests/TEST-004-web-crawling.md,,Test procedures documented,3d00376,
TASK-005,1,1.1,Test Document Processing,CRITICAL,Complete,AI Agent,2 hours,2025-10-10,2025-10-10,TASK-003,tests/TEST-005-document-processing.md,,Test procedures documented,3d00376,
TASK-006,1,1.1,Implement qdrant_find(),CRITICAL,Complete,AI Agent,3 hours,2025-10-10,2025-10-10,TASK-001,roles/fastmcp_server/templates/shield_mcp_server.py.j2,~80,Vector search test,c54dcf8,
TASK-007,1,1.1,Implement qdrant_store(),CRITICAL,Complete,AI Agent,3 hours,2025-10-10,2025-10-10,TASK-001,roles/fastmcp_server/templates/shield_mcp_server.py.j2,~80,Storage test,c54dcf8,
TASK-008,1,1.1,Implement Ollama Embeddings,CRITICAL,Complete,AI Agent,2 hours,2025-10-10,2025-10-10,None,roles/fastmcp_server/templates/shield_mcp_server.py.j2,~60,Embedding generation,c54dcf8,
TASK-009,1,1.1,Test Qdrant Operations,CRITICAL,Complete,AI Agent,2 hours,2025-10-10,2025-10-10,TASK-006|TASK-007|TASK-008,tests/TEST-009-qdrant-operations.md,,Test procedures documented,3d00376,
TASK-010,1,1.1,Implement lightrag_query(),CRITICAL,Complete,AI Agent,3 hours,2025-10-10,2025-10-10,None,roles/fastmcp_server/templates/shield_mcp_server.py.j2,~60,Query test,386272e,
TASK-011,1,1.1,Test LightRAG E2E,CRITICAL,Complete,AI Agent,2 hours,2025-10-10,2025-10-10,TASK-010,tests/TEST-011-lightrag-e2e.md,,Test procedures documented,3d00376,
TASK-012,1,1.1,Update Documentation,HIGH,Complete,AI Agent,2 hours,2025-10-10,2025-10-10,TASK-002-011,docs/MCP_TOOLS_REFERENCE.md,~900,Technical review,d09388c,
TASK-013,1,1.2,Add CircuitBreaker Dependency,CRITICAL,Complete,AI Agent,15 min,2025-10-10,2025-10-10,None,roles/fastmcp_server/files/requirements.txt,,pip install successful,949c37b,pybreaker>=1.0.0
TASK-014,1,1.2,Create call_orchestrator_api(),CRITICAL,Complete,AI Agent,2 hours,2025-10-10,2025-10-10,TASK-013,roles/fastmcp_server/templates/shield_mcp_server.py.j2,~80,Circuit breaker wrapper,43eac7b,Async/sync compatibility
TASK-015,1,1.2,Update All Orchestrator Calls,CRITICAL,Complete,AI Agent,2 hours,2025-10-10,2025-10-10,TASK-014,roles/fastmcp_server/templates/shield_mcp_server.py.j2,~50,All tools protected,949c37b,4 endpoints updated
TASK-016,1,1.2,Add Circuit State Metrics,CRITICAL,Complete,AI Agent,1 hour,2025-10-10,2025-10-10,TASK-014,roles/fastmcp_server/templates/shield_mcp_server.py.j2,~15,Metrics in /health,949c37b,State + failures
TASK-017,1,1.2,Handle CircuitBreakerError,CRITICAL,Complete,AI Agent,1 hour,2025-10-10,2025-10-10,TASK-015,roles/fastmcp_server/templates/shield_mcp_server.py.j2,~20,Error handling complete,949c37b,retry_after included
TASK-018,1,1.2,Test Circuit Breaker,CRITICAL,Complete,AI Agent,2 hours,2025-10-10,2025-10-10,TASK-015,docs/CIRCUIT-BREAKER-VALIDATION.md,,Static validation done,561ab8c,Config verified
TASK-019,1,1.2,Load Test with Failures,HIGH,Complete,AI Agent,2 hours,2025-10-10,2025-10-10,TASK-015,tests/load_test_plan.md,,Test plan documented,6168be2,5 scenarios defined
TASK-020,1,1.3,Add get_job_status() Tool,CRITICAL,Complete,AI Agent,2 hours,2025-10-10,2025-10-10,Sprint 1.2,roles/fastmcp_server/templates/shield_mcp_server.py.j2,~70,HTTP 202 async complete,3e58c6d,Job status polling ready
TASK-021,1,1.4,Add Ansible Block/Rescue,CRITICAL,Complete,AI Agent,8 hours,2025-10-10,2025-10-10,None,roles/fastmcp_server/tasks/*.yml,~150,Error handling patterns,b21d30d,4 block/rescue/always
TASK-022,2,2.1,Setup Mypy,HIGH,Not Started,,1 hour,,,None,mypy.ini,,Mypy runs,,
TASK-023,2,2.1,Create Common Types Module,HIGH,Not Started,,2 hours,,,None,roles/common/files/types.py,,Module imports,,
TASK-024,2,2.1,Type Hints: MCP Server,HIGH,Not Started,,4 hours,,,TASK-022|TASK-023,roles/fastmcp_server/templates/shield_mcp_server.py.j2,,Mypy passes,,
TASK-025,2,2.1,Type Hints: Orchestrator Main,HIGH,Not Started,,3 hours,,,TASK-022|TASK-023,roles/orchestrator_fastapi/templates/main.py.j2,,Mypy passes,,
TASK-026,2,2.1,Type Hints: Orchestrator Core,HIGH,Not Started,,3 hours,,,TASK-022|TASK-023,Multiple orchestrator files,,Mypy passes,,
TASK-027,2,2.1,Type Hints: Agents,HIGH,Not Started,,2 hours,,,TASK-022|TASK-023,Agent files,,Mypy passes,,
TASK-028,2,2.1,Type Hints: API Endpoints,HIGH,Not Started,,2 hours,,,TASK-022|TASK-023,API endpoint files,,Mypy passes,,
TASK-029,2,2.1,Run Mypy Validation,HIGH,Not Started,,3 hours,,,TASK-024-028,All files,,95%+ coverage,,
TASK-030,2,2.1,Add Mypy to CI/CD,MEDIUM,Not Started,,1 hour,,,TASK-029,.pre-commit-config.yaml,,CI check passes,,
TASK-031,2,2.2,Setup Testing Framework,HIGH,Not Started,,2 hours,,,None,pytest.ini,,pytest runs,,
TASK-032,2,2.2,Write Unit Tests,HIGH,Not Started,,4 hours,,,TASK-031,tests/unit/,,30+ tests pass,,
TASK-033,2,2.2,Write Integration Tests,HIGH,Not Started,,6 hours,,,TASK-031,tests/integration/,,15+ tests pass,,
TASK-034,2,2.2,Create Load Test Scripts,HIGH,Not Started,,2 hours,,,TASK-031,tests/load/,,Load test runs,,
TASK-035,2,2.2,Setup CI/CD Pipeline,HIGH,Not Started,,2 hours,,,None,.github/workflows/ci.yml,,Pipeline runs,,
TASK-036,2,2.2,Configure Code Coverage,MEDIUM,Not Started,,1 hour,,,TASK-031,.coveragerc,,Coverage report,,
TASK-037,2,2.2,Add Pre-commit Hooks,MEDIUM,Not Started,,1 hour,,,None,.pre-commit-config.yaml,,Hooks run,,
TASK-038,2,2.2,Run Full Test Suite,HIGH,Not Started,,2 hours,,,TASK-032|TASK-033,All tests,,80%+ pass,,
TASK-039,2,2.2,Document Testing Strategy,MEDIUM,Not Started,,2 hours,,,TASK-038,docs/TESTING.md,,Review complete,,
TASK-040,3,3.1,API Reference Documentation,MEDIUM,Not Started,,4 hours,,,Phase 1,docs/API_REFERENCE.md,,Review complete,,
TASK-041,3,3.1,Architecture Diagrams,MEDIUM,Not Started,,3 hours,,,None,docs/ARCHITECTURE.md,,Diagrams created,,
TASK-042,3,3.1,Troubleshooting Guide,MEDIUM,Not Started,,3 hours,,,None,docs/TROUBLESHOOTING.md,,Review complete,,
TASK-043,3,3.1,Deployment Guide,MEDIUM,Not Started,,2 hours,,,None,docs/DEPLOYMENT.md,,Review complete,,
TASK-044,3,3.1,Operational Runbook,MEDIUM,Not Started,,4 hours,,,None,docs/RUNBOOK.md,,Review complete,,
TASK-045,3,3.1,Update README,MEDIUM,Not Started,,1 hour,,,None,README.md,,Review complete,,
TASK-046,3,3.1,Create Migration Guide,MEDIUM,Not Started,,2 hours,,,None,docs/MIGRATION.md,,Review complete,,
TASK-047,3,3.2,MCP Server Dashboard,MEDIUM,Not Started,,2 hours,,,Phase 1,monitoring/dashboards/mcp_server.json,,Dashboard works,,
TASK-048,3,3.2,Orchestrator Dashboard,MEDIUM,Not Started,,2 hours,,,Phase 1,monitoring/dashboards/orchestrator.json,,Dashboard works,,
TASK-049,3,3.2,Circuit Breaker Dashboard,MEDIUM,Not Started,,2 hours,,,Phase 1,monitoring/dashboards/circuit_breaker.json,,Dashboard works,,
TASK-050,3,3.2,Job Queue Dashboard,MEDIUM,Not Started,,2 hours,,,Phase 1,monitoring/dashboards/job_queue.json,,Dashboard works,,
TASK-051,3,3.2,High Error Rate Alert,MEDIUM,Not Started,,1 hour,,,Phase 1,monitoring/prometheus_alerts.yml,,Alert fires,,
TASK-052,3,3.2,Circuit Breaker Alert,MEDIUM,Not Started,,1 hour,,,Phase 1,monitoring/prometheus_alerts.yml,,Alert fires,,
TASK-053,3,3.2,High Latency Alert,MEDIUM,Not Started,,1 hour,,,Phase 1,monitoring/prometheus_alerts.yml,,Alert fires,,
TASK-054,3,3.2,Queue Backup Alert,MEDIUM,Not Started,,1 hour,,,Phase 1,monitoring/prometheus_alerts.yml,,Alert fires,,
TASK-055,3,3.2,Service Down Alert,MEDIUM,Not Started,,1 hour,,,Phase 1,monitoring/prometheus_alerts.yml,,Alert fires,,
TASK-056,3,3.2,Setup SLO Tracking,MEDIUM,Not Started,,2 hours,,,Phase 1,monitoring/slo_config.yml,,SLO tracked,,
TASK-057,3,3.2,Document Monitoring,MEDIUM,Not Started,,3 hours,,,TASK-047-056,docs/MONITORING.md,,Review complete,,
TASK-058,3,3.2,Test Alert Firing,MEDIUM,Not Started,,2 hours,,,TASK-051-055,Test Cases,,Alerts work,,
TASK-059,3,3.2,Validate Dashboards,MEDIUM,Not Started,,2 hours,,,TASK-047-050,Test Cases,,Dashboards work,,

